name,effective_resistance,energy_per_cycle,write_energy_per_byte,read_energy_per_byte
stm32l152re,529,0.000000000643125,0.0000064944,0.000000000896875
msp430fr5969,300,0.000008,0.0000015,0.0000008